Total Accuracy,Scope 1,Scope 2,Scope 3,No. of Tests
0.047619047619047616,0.14285714285714285,0.0,0.14285714285714285,2
