Total Accuracy,Scope 1,Scope 2,Scope 3,No. of Tests
0.6086428337141228,0.47368421052631576,0.42105263157894735,0.47368421052631576,19
