Total Accuracy,Scope 1,Scope 2,Scope 3,No. of Tests
0.591611729017356,0.42105263157894735,0.4035087719298246,0.42105263157894735,19
